Target_Offset_km_s,Control_Offset_km_s
-409.9276883660104,441.41994094017366
-311.64723500392785,-198.00512305670247
-309.2739060322531,657.2583697959658
-355.72728582858167,521.2896515632693
621.4115419442114,635.8743302921413
21.31653591888549,-635.3333281799399
296.550430600004,-616.2395706819943
-356.7801058992271,569.622199493506
-352.5508106787752,634.026703914464
347.68825638187855,-602.942046354051
-328.18611664928255,322.8737055618846
-335.5103607832207,549.5811726110821
-305.3213787411203,629.0362492234128
-295.30233470250994,660.2364432721052
-301.6220665384543,609.6334696159378
-280.1658048557576,449.3411433465443
-295.4977958923776,602.5261075191663
-290.6679974227464,-631.7986004649374
-294.5453625030298,-473.35957678786775
-289.3340761234421,-416.38586280129135
-222.7899072136194,639.8981229016973
-298.592072047701,519.579147820737
-330.6109244139604,629.55738589539
-200.66903184490886,295.7684528249536
-234.0676885878841,281.831852910826
-320.51159215542674,655.0728415217758
-324.007630980239,608.7826928526498
-139.106892845699,609.2390164366907
-80.83043732434189,605.1357285585997
-172.41767107390373,595.8274206327759
-237.82098556784075,364.3100171680075
-240.09710035267634,641.4507995030503
-238.80006653139318,662.8160092336054
-238.5018675772582,668.6648447115848
-246.78333894197917,646.2449682370776
-264.3428037902401,502.0994104145111
-272.3471062236143,236.61518159245722
-261.5723618439687,657.7825189601685
-248.4857522405787,587.2355807722706
-258.6888968860981,602.768294873439
-287.8029300660044,-353.8597969689192
-282.13422874512554,618.9180891986347
-387.553261904439,619.3602633558081
-267.43638072695524,632.0894639392436
-309.844162456708,560.9266235789883
-322.9808251992657,-663.5736853960475
-305.7806988144688,-630.305896867757
-310.05484285259047,-534.5568323461983
-317.54076446890025,-250.7864304193278
-325.5407887866217,-295.27310816372284
-319.046903031592,462.30106920908923
-323.76347897954787,542.5753929659088
-291.09797564703535,613.5187473281825
-344.9556785079673,492.08265306838024
329.862433897779,-620.9175444059201
-245.3699392365935,-576.7110791300152
-370.8921039174088,-575.8723129315631
-339.02230296007195,-656.452347896428
-327.35126306755956,615.4988504135653
-344.9128766461952,591.1707685129383
-322.0815492239142,616.3601377723068
-348.9566014918387,613.2612215951965
-274.52161446473633,632.951786009906
-351.27802744436144,638.6955212148381
29.381691010779935,622.7701675399348
313.5003471969391,607.3644073158068
265.90988029858215,655.0200763021555
221.48627383986897,-206.08147154598865
160.92136185738877,549.6308895942816
307.69152493963935,-670.9175315848968
253.9315551246337,664.4766473251201
-129.55788529441318,559.0704443786101
225.917494738385,-608.6147415642448
-344.5183941458286,-634.154096372427
-107.04404823296441,-605.0912266908817
-344.20267091156154,-589.3436294413032
-334.4277922055857,-600.4871322952148
-343.27303539340255,-579.334216496914
-345.82416571346306,-501.0927826143671
-304.482697456394,-637.8481999107804
-330.82363959322015,-650.1031994792315
-108.5482860636804,627.516307408607
-171.04701078262497,537.6047959990356
-355.0514279227989,624.9065331726296
-194.3972014333848,-312.88911483686644
-163.15801523027847,645.4904657226058
-190.48128318854856,620.6940642521329
-185.35340734105046,663.9212106154264
-152.56244446134068,642.1551261213433
-356.63813759061594,526.53706365641
-310.9168966273299,655.9862714665221
-235.13576439000767,638.49907640972
-238.49665128910456,486.94870360632257
-37.425335004466156,633.8976409065683
-242.46894668515037,560.9402153877782
-238.24284996443333,652.3354234518357
-240.6576694132177,553.541920576837
-235.01828467012163,645.1571509611957
-263.2939189216551,504.30756745246515
-337.23000180410037,629.190098442713
-348.70528986089005,535.6309955915694
-345.14498746139884,653.5646684991342
-169.9618747666533,432.47313194219976
-80.75263724697518,550.7136442981795
-259.24790961917927,445.3061395737768
-328.40013451687213,605.6289100371048
-252.7801589878971,565.0457569299275
-250.54255415296393,616.7250686008168
-165.09929487200412,667.7376063782847
-289.8286974780168,520.5363868219059
-280.8868503590576,434.24124309271974
-303.17331788343324,653.9127155239186
-231.23278559735806,469.7970927874266
-294.1157965798186,484.5503970469341
-268.64327327607,629.7098740413414
-246.51939189266335,617.033873299953
-157.48181114889385,429.08220607137554
-282.65777186174006,-318.9466893130377
-253.4175695531504,-311.7356778564087
-288.4941088307601,628.7295753705804
-126.5182171398587,618.6946349545857
-239.37378323800976,592.988710678966
-274.9543522317437,662.1950617701765
-259.2357949290894,613.6913930887698
-244.6440055679568,528.4327303538942
-242.23177866193546,-516.9352642766075
-274.6482260339392,-475.4270093134684
-325.6022836299478,-662.0887513549363
-305.7463043132592,-409.99511697130725
-337.1275849731659,-360.52309602290256
-354.52252524589676,-605.4338613824061
-354.30564013376033,303.9420552942737
-322.9891704786375,307.5602924233576
-303.81674865062223,573.5177137102428
43.61422877558605,513.8485006651593
359.639532541424,401.78148038660856
193.76110324935348,458.755830711114
285.5344957513278,646.9797871244178
-331.6577946357526,587.1894105664835
-357.82397059461107,264.7068235174665
-244.77546147975153,-612.6546208101984
-218.33379768303283,200.92653378634955
-154.90960667789406,650.3144746430364
-273.7628109397093,630.038737683388
-303.0754853588661,560.0852827610292
-199.05945103323464,639.383428252655
-233.3097830125644,-609.8373600924042
306.9411242270621,660.0501442549393
332.4512788251394,643.0633556745421
-175.47453111338982,-125.75026016903523
-133.65592469222196,568.2820016818931
-184.63013783137782,626.9563623518843
-190.49015884961392,622.9499506492224
-207.5058773300128,624.5245302289711
-165.9144394549725,566.3296393300774
-95.08138084720527,412.6013561002915
-188.08918453382125,487.6175846724928
-135.18374988223167,-570.9001313568624
-74.70347871524365,629.074219833172
78.97444183261933,-654.011508055795
-181.80930560612222,572.3112089924562
-179.06579019419934,611.2700834070143
-236.50552322333297,-665.7742929548747
-212.059611690518,573.2325371464584
-306.5158295114795,660.197776922519
-319.31520720068636,643.8369264075609
-133.13342544320818,-228.14674553409318
-114.93288576013624,666.0945154097033
-215.48474346428694,521.7774264413266
-147.06581681954867,576.2450527886356
-103.20822349995407,616.0627417305012
-174.67324369775568,611.8026239523044
-101.79277527044336,581.8146227743568
-118.44165622369732,-430.9114382147505
-244.0211894471706,-614.5174122432741
-290.70123104279446,-450.49214080675046
-226.06064934667856,-560.8755127910772
-211.21786072476743,-663.3114278831157
-253.75442356944842,-431.81519249034227
-259.1597086712707,-445.18789787229946
-196.41115634518923,-456.78674914208625
-229.70986466330427,-461.78896094286745
-222.9629742070948,-440.2053744626235
-274.07764009000283,525.6997971865779
-282.4187780014831,481.6110983221473
-303.89188110549003,498.22536179483706
-316.1345855291067,644.0694118214458
-310.1390486406836,598.3229681927286
-249.15439524780584,629.2929827188632
-209.2472895571714,583.2923337107816
-241.3010355236402,621.1058822387874
-239.81860057510144,607.5435597107493
-240.64408220096846,624.2529792578496
-224.98971128269673,641.8580611105293
222.7315424984839,652.3675572605702
-222.79041847895118,494.86772935731636
-176.7821356751624,624.4071887210779
-246.9491441600139,637.9481623312645
-353.2793789526977,663.2416920188143
-353.3224389618827,557.0295679440025
47.69006055263815,-635.0630881041039
343.0917540962556,626.4694350804089
279.521140130297,587.27210272079
-316.06483521061926,601.5689430165411
-238.00933856762248,633.8278805596775
-344.8063465357846,562.8917199466101
-294.92242162747476,669.1001784746537
-215.2800383725038,590.5806496317582
-213.09363454357958,610.9955574140902
324.4373935300024,647.6348661147366
315.69966984590735,606.3996809044178
317.18632736433483,590.1808882249296
321.655431083873,604.3420464649449
236.79310262513707,663.1637489977624
265.3086820470596,650.4853068495399
343.6063762797886,538.0783200093806
368.5617357053058,666.3840242656174
413.82583101901406,573.4532820042883
-156.26785032905752,660.1753541073991
-111.21297222059094,656.0215569204803
-172.20007571156066,-261.77701652664376
-118.73840559131898,640.363618302141
-63.53820475103424,665.7581819268926
-186.55899712548194,612.2979119716607
-178.04709392789982,611.0034239401455
-384.4091155200658,638.8922758891136
-175.6721989956156,650.3196757662208
-178.26336640854768,617.3842778500413
-171.5968875768205,629.3764803868428
-169.38651764003694,639.4495953019251
-209.63353030785882,578.6107329069253
-338.1164226708548,-352.15190191376297
-170.38433930692844,516.0733063825204
-166.54995161651027,612.4390263009813
-195.98144032465484,559.6316612874756
-417.20243583465356,665.1018063759661
-223.4353641451069,617.9626884877979
-132.4830923822182,555.7548254274064
-120.23768006712103,649.1857811909197
-336.10348448725705,484.131723110943
-334.0816009174433,601.4320419165549
-59.10372677295209,361.93228620176626
-206.52215181449392,501.69547829488744
-184.27171947241087,615.3208426814612
-254.7093707350754,486.58318163824595
-350.5915076548025,610.6206633838303
-306.95452046992483,606.9876955809733
-329.98575174590934,606.4828415052064
-338.53169399686755,630.8393009496099
-112.54806340469379,614.3211461300493
-203.74149453793905,184.6306864426656
-88.62714183065866,640.3464278787884
-192.36960312887345,568.4198182606438
-253.02263498047265,612.8349271336245
-262.46721258282633,642.5002368091175
626.1277045575351,651.8490236792022
-222.94449348439872,595.0139752479614
-243.38936456711997,630.2472795933143
-222.94709072434054,579.8902526600722
-261.23197287967446,617.2134235507236
-227.051504396099,636.7051293631354
-252.70989926661744,645.9217926409679
-262.699712900843,499.6694359350855
-334.8126950768195,614.1584476279537
-268.76515133342696,628.2528267786706
-136.1501273732205,623.517123861616
-301.85271777732834,622.8728036084626
-282.6151219358818,526.1488424605593
-287.6776965602149,630.1701645551642
-255.11199236700466,617.8237014318848
-316.50182520804236,305.5090106758341
-300.56189339509643,615.3815005977202
200.82673391138337,616.5547907262052
164.99024386338638,-421.25869327014885
-279.6453180693816,-423.07553540413926
-276.74074350477184,-420.48704893873366
-315.363079513532,602.2872009789103
290.82050455650113,663.8834273533506
295.99931261140495,648.0771477817716
369.9720079498107,628.1224880217119
-286.7563034470375,646.439037681852
-188.97630458511796,574.7902922606817
-146.44014414965534,648.1439792786821
-191.07429493070794,622.6697007036104
305.46188662960003,639.8941068042355
-299.10614521254473,665.0578603202972
-237.00367898719318,571.1690755917185
-205.0275488697258,533.4147000297896
-212.07601168704085,659.3218204687854
647.3245396341937,608.2562563841633
-231.56555119326276,628.9653432323686
-343.8739330835135,395.87500367455084
146.33860041555872,621.3270694479253
-283.73671068564,631.7964981863538
-286.17133516330244,656.2032113515612
-279.462576811811,-312.91200110206836
-266.7702070752551,-217.8599970861021
-268.51354830047086,437.6685774309338
-245.89286672242235,658.8957820481643
-260.82276792368685,619.1352879158826
-246.69795415214062,667.0712591034514
-209.19408004487278,-241.5081776911597
-284.03115297607695,547.4500436286797
-265.9574467578486,608.5810790674576
-259.92444830463535,425.5112703300113
-258.57632889887594,618.4153592355921
-230.2213701286463,663.7658610079739
-303.90299522522247,624.876645995947
-267.7859753523697,556.6520839604564
-316.2456090297736,463.58456496150984
-275.19601403606003,633.2972783065537
-309.2953653145219,521.9244701545441
-314.9106648534249,-256.74308207587137
-273.9218777095176,646.1006954744895
-306.75011131930495,524.8041180438001
-303.6066064303998,618.929836288556
-283.3307542293621,668.081289179849
-310.32978138080847,600.9314845173479
-281.461738360779,613.8211996608051
-214.940534434939,659.4178594599705
-222.9776523183701,-112.56895808669782
-406.1410695641366,452.09410858129814
-113.27867647141458,634.230008480621
-3.451972063533962,-299.6559825600012
-286.59760519159676,618.9763047126431
-114.36814337272311,646.2797297620249
37.753099984899364,-627.9179513063428
355.5007028515332,-607.4445339495028
309.91423389494946,-627.7676646344535
178.37253040764494,-667.8502942343837
-141.18254990695917,615.8936559446308
206.36360696851048,381.9298821402854
-261.9823698390441,-621.4105074260896
-269.49107235869286,627.8132214620947
-198.8134755364333,633.4270500366749
-144.86109115396,602.9078674371549
-156.54059770990767,651.2334555931996
-9.867716051690104,667.2009224147035
298.64400160409366,620.9443466279976
342.6205827709765,455.4106297404395
-126.24772595291434,648.4486113828737
-134.41151772808337,-613.3476942419918
-302.8485709983021,632.8066923260287
-286.33849760856447,662.1990207784833
-271.8430350792564,437.03628299602207
-191.05724802507834,-71.6782967839265
-182.99217385150436,-641.5246111659286
322.03237564729585,665.8012945843908
305.45742327752066,591.6828865577789
-50.56497850263013,-112.1877839732123
-223.28960590467034,662.260775299479
-218.41338713842956,530.9281627238759
-237.26387183274105,411.1694951951042
-234.92213347532862,601.4507123526963
-201.6156888527581,632.7696716173049
-333.2193620785869,653.6801965336032
-308.2782278297682,485.8757044470416
-100.59584028677261,640.2584782513673
-336.18534924427087,659.1790299333813
-272.91217468306417,588.3784930348165
-282.0563476967525,645.1481704222844
-278.1832067747624,522.1120510317119
-241.47408525141148,668.1165049510633
-256.39677491559905,550.1656120354713
-92.68277493557207,539.1983001159772
-244.0336764211101,566.401181414476
-311.6622980862918,618.7614643749656
-265.63751236580555,466.7585691865145
-231.81244957851268,503.1425929881046
-248.6652619571753,577.5493432619669
-208.35876349268017,613.7203452067051
-209.87770803230174,637.0763425095104
-281.7462633875916,590.5020238588917
-182.0794033713517,615.4313714228273
-241.8486867789118,-532.7188691019534
-129.60306765071417,-605.8247936793107
-183.31286572754587,594.5035041923562
-244.4784683011221,599.774881827579
-268.04123375394477,616.632624936164
-184.3545956008262,-635.2113338048216
-211.1185283770056,549.8963344329059
-228.56878274831405,590.3662373504578
-255.16758089734535,643.4256964584113
-218.23733538752356,495.69548889316843
-121.37068478730586,487.5102931849246
-295.0238500743338,644.081813126873
-279.5474235657235,628.9576697633976
604.389876404443,655.3807485978584
-270.52832501030036,652.7780278479889
-258.70959482731405,607.1652332762138
-245.65055865499068,603.9299702412949
-243.30383021524443,602.6950896993651
-293.32100424587753,651.040177821397
-315.06101750541677,609.330464292868
-304.7775153992904,661.5219391968182
-301.03551318902794,612.7185008032285
-308.8330645464846,507.1754292261522
-304.58949333516216,588.1629311702943
-311.28565975883413,659.6729500388769
-319.34138821236405,646.6942071002094
-315.36014504864306,548.2413396318855
-261.82620372449145,463.46768765321593
-298.09039233538306,545.6883155394582
-325.35539835001754,294.37488337198363
-350.4072011613715,605.416340994969
-312.91333289039864,566.9498788572761
-346.2726797370306,587.9458316872704
-268.5627271333119,404.10841693929524
221.13586185509718,650.5220313916712
262.341995176996,414.33669891703016
-204.20496084019516,637.2866406243811
276.8786394646679,652.7482775286768
200.18461032496305,629.6541136906247
348.611520779173,615.3538148832043
-181.66638448342144,605.5502892085484
-290.17834986070943,634.4481973617276
-173.36359336572696,631.7833348740709
-299.6526703281971,643.0222732901377
-183.29965490065484,628.1875055952996
-183.76824281231083,633.4141585103722
-201.84297531155266,617.4097926439046
-216.18368879438586,357.9356917783191
-254.7530545845458,574.6498059543949
-254.08387433930903,621.8976697261995
-146.58674102272659,611.7779569066186
-152.37705973797802,569.1322337334274
-195.35565229007452,-352.59780185943407
-244.03388103227113,-620.252837851851
-35.51315769617539,-648.3841240233836
-228.0900601826319,-628.2944404256691
-317.59280343214346,239.71387740914176
-440.6290842234713,-429.9211525702901
-269.3274444564756,-464.7618537136743
-240.37324033715154,-410.77271359827404
-221.10616613770145,-628.4072385767072
-219.48710209938625,-439.5275261655302
-231.74635628129093,661.2325319896397
-219.87025116629053,653.5552850900691
-232.75877201882972,570.700956200529
-257.519337367715,666.5995343075764
-268.1272817755601,620.2943753474027
-245.4757086362325,605.6177260379309
-237.13753977865963,628.0950460930625
-271.33837659369897,-449.1255723662262
-281.87051255186077,-639.3610903049494
-253.1061119183816,531.1248536983028
-242.39583392232265,661.9447083811183
-291.38970752042195,-353.75518145416993
-313.19879559732664,624.1455381090033
-307.6134623287821,643.7189531333674
-279.6934242977725,599.7054532505744
-284.1844508837709,652.3431740807425
-105.88542896231854,638.1576959756522
-215.3800284643123,640.6400644683724
-262.0100608511797,613.9475864477376
-232.39775152031999,652.5782542167731
-206.68714323815968,602.8350798870866
-312.1087431111969,549.7767955796262
-323.32428992114006,-218.56105323503263
-357.1140804683567,-417.39796511542903
-347.3099821793768,641.9783898692425
-323.7921001709547,530.5881289274487
-340.39582096069466,-121.2961118464959
-244.15081796244442,-621.7369894325711
-208.97888869796995,620.4050188036992
-231.9020886767352,623.9372642586434
-337.8152272362505,567.2630130096663
361.9512493809986,599.8672920635028
-343.06311312424174,624.3697660825202
-346.2979180995949,652.5749847473754
-349.5251017826155,443.1889849488444
-341.02022628591254,535.5723822394276
-295.7628434984981,469.5677695304251
-123.86256634093245,597.3614382677576
-135.0321659682603,383.02899825956126
-244.49472968972654,652.007645566162
-149.75406545457864,610.7424118613645
-173.31061573540285,632.4491774777678
-349.96706519596245,610.207835965477
-350.75553760169277,623.2353037008995
-357.5314405500239,521.7879175048448
-300.4287678677877,647.3920799489415
-208.320349433747,607.4309588115733
309.27532057962384,639.0364889109064
435.78165526957065,616.0778761777807
352.8214484067408,618.8513680385333
364.7255824305883,501.88583811412
-173.6179137317899,471.4576551299904
-161.8356779972793,659.8252442436657
-319.6759446681588,659.8203309522754
-199.3233758328878,-657.4833302549517
-194.41528084687897,-548.5939588693832
-198.87991270996827,-579.0990723283063
-195.70119188244084,431.4848695273106
-155.64264368540722,640.2865195590675
-249.90633927031035,-634.996673081027
-202.592470273252,624.8102845393959
-182.59721211146655,631.5710220411407
-133.8345094393621,658.4451828121541
-213.0810537477669,586.6187096334074
-202.18265892074277,554.3460758274622
612.7753941375538,582.9984661770579
-215.734768664739,-602.0421435891673
-233.3516170834068,424.9012527186388
-220.75055106275147,609.8582315542415
-204.15410029292977,620.6548572319026
-208.1219879560822,332.692478150732
-197.60740563566998,610.7995444259886
-152.03287882029628,581.6733310822744
-198.39147577122174,611.8214176849132
297.7234811304427,660.282309039683
-289.04753503910933,645.5657936179164
-250.0654729724868,-233.5896179150535
-208.04859952441606,663.3370008915158
-205.0890627296925,647.9115529541566
-167.57941103531627,659.8497027926388
-228.46987591015431,604.7627379434958
-190.63766178225373,599.6415882513962
-240.73425564418474,477.5510926651006
-244.93222512026242,622.6083543855736
-246.83234413602577,611.1641053498205
-235.0174095897877,608.7972682401044
-237.77821388458477,652.2833649815559
-289.7093146332533,-240.69338966050904
-228.97798389710104,603.2264042009369
-250.83632466947043,644.8762793871151
-230.7854874176221,619.4393983472787
-237.78389048572222,654.3170519669692
-247.05520896764438,559.908623089913
-302.82689991691046,651.7304398790955
-95.94628774687617,643.8257311917789
-102.17887670686821,662.3100403192485
-123.72832692647958,642.9626819030821
-278.17973406602164,642.0410887566744
-281.7204390941841,649.7782400573934
-267.0778215561449,435.00197528543345
-210.83680746905068,456.76780530123864
-300.5225200463558,566.057669696193
-301.788013324817,539.942805318781
-295.9559292312122,513.3774531352699
-332.2117892548972,586.9186892580069
-331.0681132352804,503.70424095998186
-341.39157785962266,625.037309528252
-340.79849357855585,564.9945154845099
-334.23635398551136,612.2212313038946
-86.69291279165822,550.547541784563
49.645241540593986,591.8895777731615
86.3804031430911,614.3892321448259
50.759781479917876,665.5223531765201
251.160574516637,642.8133234900566
225.67482792758656,572.7317084200027
228.48860200127535,652.4737452618679
158.59078462416426,611.4986823318171
159.8134249210339,668.5100196144086
146.31947872402677,669.3086674983183
-330.23896826015203,608.6152162863423
-83.69078309424958,605.1520442001217
-350.01339240946993,530.8609692135286
-306.6733353088247,647.8078480801653
-301.7330270380954,641.1303898689079
-302.38638311351946,570.6739379949681
-108.59981389157672,620.1511212691219
322.3328028146719,611.0132720011163
319.8194118483224,-623.4381919285751
319.92884506446774,301.5829191509748
288.2437338858591,576.8649313381651
274.72943990091255,648.6430444781456
351.61936601296577,562.000780330029
-348.6725283249504,563.6943560885649
-300.58856077865255,476.37197928532385
314.4012071559211,472.2426559377109
-157.62750039705745,633.0985342438967
-76.58125549008145,630.4067779051456
-314.5271045397105,614.4443486944709
-343.13975598294337,650.8236445785667
-211.5228889742245,-625.5765654696932
-231.36015330725576,-376.73547888746907
-229.07364532734707,325.10900434859036
-242.79649393121946,611.7052838569304
-236.7832440942426,652.9141961934259
-251.5751378560411,569.1382824232514
-384.6418478229599,613.7917164209521
-332.42366474647014,-639.3849659772162
-306.321711133073,-613.3957881692612
-143.41108667058197,-544.782940854484
-223.60352442082208,-625.1728126631617
-139.08730186665358,-617.0970174824249
-346.582015498035,-622.9376974716065
-233.82055904827823,-663.5939740387333
-243.2226586190479,-485.04196613195023
-254.60909613826487,-614.3375639760244
-161.65732408202788,-554.9885304725141
-200.03036760502505,-419.8137848870702
-212.2182545240321,-614.4845264238975
-281.15204878828854,-448.544659806016
-262.49628458075983,-392.56499278924025
-322.11315943967577,-635.375225441928
-313.7937496482473,156.86390361277103
-285.76567437259774,616.4991113344627
-297.43208425901906,659.0205192805607
-269.4232549777667,-93.99972006391026
-273.1173866499897,-71.2390294382686
-256.8122550907211,546.0656879862739
-269.3875096771228,636.7437408111092
-315.38901837897134,-393.3342782190366
-314.076376198345,605.7838740433567
-326.7848640862658,610.6388168449773
-310.7859395099232,656.1112761018246
-306.8942198324507,437.6052693765294
-179.7528748845639,607.0437103460878
-147.8492410735231,614.6032298773956
-153.3207037994694,624.6664980968568
-269.0023133465611,438.0835045901547
-217.14656372217473,607.598053753174
-57.34546908679172,650.4844677898755
-326.1949186391766,437.37650422944563
-331.32920451692746,-225.25771743701927
-138.5036320593563,581.5290346112889
-322.54417695313464,642.7391207038448
-335.4793204358933,-466.7474213290425
-342.1080367684961,-660.9964836709485
-346.5798356880308,-666.8174538540194
-350.02050667934554,-349.2011185469868
-323.14126405271475,-526.7292778937967
-357.6140493177556,-621.4776078367655
-333.70268871103616,-630.8690554837161
143.50012854943049,368.51965669321436
-337.10354637706894,644.9823176195387
-334.63753173557217,630.9296911181997
-344.8380438312614,639.083752276488
-335.64270485460133,608.2811662929049
-104.3574753498159,651.211840902918
-352.5670235416114,643.2636367201787
-169.27905878588317,648.279714117741
-24.19174295492163,579.2069003564467
377.40358327874515,-654.0945987014858
360.91216328445756,-165.44461553474346
-344.89077720036613,660.573215920012
-344.1408634741358,632.0654655300879
-78.82566793521895,626.7686880514259
-58.24476855122057,609.699065326837
184.70110774984596,639.3502055956266
-202.17768730504895,662.7011819203389
-202.73008726154052,667.7436602841894
-333.54055516844556,634.4973911123743
-357.4633601251377,658.120129007707
-338.1730211235999,-206.3637513892802
322.45455890934176,659.0639539131269
7.231481567340779,615.6616225301814
-172.45837541037005,549.1246637503679
-153.76361316723543,616.8583027743931
-144.64221982916766,608.3574751144387
-110.50694533550062,595.9958379804641
-138.6513688642971,663.6068828914116
352.9082839139844,648.6326236756519
-47.07752169352203,631.5035069614167
-39.883115958833955,651.4024583984904
-202.25843874607557,425.16419147944214
-112.37466460039028,637.1404832219976
-129.0822523700752,566.343778620314
-166.01278388243435,650.3975965753923
-273.6062507360655,620.4431079521759
-213.1722912478847,641.7179873709262
-243.5577154731818,583.9281873453856
-341.3181205439797,551.4187366216175
-344.6651687779146,649.1810423385699
161.90976116467277,-35.82207391977827
-85.80755988958684,665.1241326952108
-326.97093506410016,562.4513286627755
-220.09228858598718,655.4063558070259
-260.33710880557373,604.9395946772751
-270.19034592944286,580.3756724943768
-242.6880478378416,632.1032496452797
-234.2593861196421,-654.4599614325693
-218.1598580416721,-630.2758194582611
-301.241196632788,-199.9987317055786
-323.1277220641903,619.7222752634203
-305.43993240410964,495.1706619955264
-318.51876910939853,622.7272875049138
-321.3124838323103,669.1937957021998
-320.35188576794485,598.3028007440972
-301.2996783119422,361.91942749013236
-268.10495333465195,645.662883523812
-306.6063338475986,626.5770671363393
-307.52004858173837,645.4200940979115
-304.28318035860804,624.8530247061217
-284.31889165946797,643.7554174484225
-296.48145268828563,611.1360222340469
-287.46984630913664,-324.3117802136383
-247.84574201899193,515.6674552349788
-258.39505812531536,-412.00203857422196
-158.26430513829118,146.49455931875875
-238.18368284109644,-446.09368977388135
-273.7023226056138,-442.9858663939319
-249.056122145464,-45.202887100037
-330.7361992598983,623.4293542935537
-193.63733029984635,651.1751654367729
237.63601196044615,575.6928716968544
-228.15058043683797,647.4271193264154
-235.47735449031114,600.4721170909611
-241.4884125001009,639.4586998789794
-235.51300897633877,634.072717090279
-120.95192072290979,509.3821807441028
-284.76530436689114,618.7671037916614
-322.96811918844935,563.8692328631763
-324.1952983490918,617.6543547579738
-288.3272400974755,552.8685409249717
-277.45889847222054,621.9893271987139
-348.625421267195,638.7146153428649
-318.04132599221526,621.8012242779312
-349.33840978992856,608.3461768037404
320.19093509557337,601.3882296681122
-278.1333846637371,415.99564433503156
-333.0194063721161,640.805632851613
-317.10606598340064,628.2575020994361
-226.48101509608716,649.7895153248887
-198.5959365439666,561.6016756707028
-213.15556364943996,486.70649080610406
-354.32575265312306,538.9320863325421
-310.4232387096509,669.2531787261117
337.8710539470281,609.3205177058888
378.2469823601881,669.2597130268388
218.78238854547152,658.6796960933223
212.63735227118823,657.5710071099761
184.26381392586015,664.2770967464995
309.6933820744821,623.3222805256911
-143.2877511493019,-87.57643293410095
-119.72905714136456,-626.4893351092461
-330.62563652439286,612.6749077632071
-339.6958782794968,655.3649114203647
-355.1159230707444,628.8361050129378
-360.89734130886336,601.1485284143458
-306.6844798399118,661.8153793682117
-287.14895493135157,-273.042443106085
-319.4005898204802,654.5403609172984
-324.7980835191584,605.178219067495
-358.0299226820631,631.074967150826
68.1409360737975,587.2204338056133
-287.9886063455104,602.3044810486043
-18.894279898213192,620.8583202888262
340.36664945581185,561.5794960565948
340.359599761238,635.876132510152
306.3828269616729,542.5796846365944
341.2095280911232,569.6009511731502
-154.0326137713886,606.2359715235744
-151.18651044301976,657.6685063614501
-162.29315602235897,603.951015335572
-122.50095233351524,623.9320770796862
-287.1839789396498,618.2355697147296
348.1166599417085,645.003181988229
-284.30456033589974,608.1157473781869
-286.22843830313457,-118.27957396958257
-275.08966822737943,-635.3152600411395
-259.1890547410196,601.3617854313301
-276.7846032608129,618.0396171729599
-127.35981740972325,577.8079830955342
27.210570133430636,615.9119472378313
-344.7267194434982,602.7018345298919
-147.48265294255668,627.8038579177198
-19.97975315551764,635.4273450838833
621.3220334633558,471.93174820136136
-102.36749242098081,489.551921348818
-238.18328043168887,-244.71448209640147
-214.5591488324317,636.5984021940176
-229.713819886886,647.2569018636259
-246.44487404208945,653.3331741251051
-247.26430056908038,612.6105471459354
-231.66927774600666,537.2660800597549
-222.80348941661964,519.1949944979461
-240.54208061694186,618.4028727794399
-231.27118120667654,545.0091133142034
-249.7760164425532,504.32651583340305
-236.48382206288196,520.4126302250198
-238.48601397930688,425.9648074984615
-346.92088091781017,623.1297788269031
-305.8789852432231,579.2571334357242
-327.74179777381926,615.2850883010007
-112.53927509258676,659.3285369579097
-282.3215704115645,654.1095465086881
-216.9951101833867,511.26131363910224
-322.8492993754055,629.6960789751469
-221.94625448116128,650.0085539621238
-275.4084821475923,505.4539237516187
-292.92588873295415,536.9432168114411
-326.0719124516319,606.0950476036735
-341.72812172509,408.7554516642642
-340.67798214130386,573.290278370189
-290.4609938790806,522.2033853718734
-142.94746155883232,602.8538746218289
-263.6452816866767,609.2761796878855
-17.587132656693488,591.218520942239
-61.78440624352555,448.12173688673573
-29.14009925325743,648.1061783652582
-148.14775278686204,632.4250911462102
-222.49054382277572,581.3488331063058
-241.0554073513137,614.5715364540298
-6.787221295518118,647.2414322222008
-260.4103278853997,365.09936859238354
-264.2880505837158,413.69282561301105
-279.1685640272527,621.2559595007609
-277.91613196563515,539.7747231503383
-267.2379074096255,603.8029963952292
-261.41594542472063,603.085191767868
-233.5880345405256,556.4760708008372
-204.6360046886179,647.9376062826954
-203.5297521206327,616.087735045737
-149.8047964540806,644.2483986287317
-162.87989501671873,631.4089199514729
-105.05586050790073,534.304345916366
-93.35357647877355,660.3630346728553
-263.50597157590687,640.2865208994293
-264.46740936958895,569.2538942826435
-315.20123981474745,609.599893506224
-254.19474302185372,-664.5105772823118
-280.58737275854395,-480.7541452013359
-151.53163196159568,646.7355298096567
-170.46232776654813,660.2855527083813
-135.16531622791825,5.936196453946777
35.856159756465864,-334.7604624561824
26.482706346414716,-413.4614054046377
-112.16282410352935,-641.656686030099
-163.2323023819954,652.8411297471956
-211.77080566282376,627.4574359772752
625.6062271744112,437.8104430644969
-328.8339125285719,-574.3734789530424
-333.22169177998916,-637.4848540516058
-201.30007437887912,-556.2314221255898
-355.86292352788416,-340.3943543591126
-260.39398896330783,363.73770557155353
-258.7239784564617,602.9986337092546
-353.9133757125836,-589.8958211421175
-108.41195605251062,647.0878999742056
-93.45968237694902,583.3859344989316
-54.35940321179683,646.9670788546439
-51.900047040387236,604.3545126464647
55.950717596665285,519.0879180758263
-328.60933390828734,615.1668215707914
-256.50442927705296,605.4320474098264
-290.31292776805105,643.9470468245813
-347.6608522744958,655.3222430335272
-189.9170938654573,653.902989346683
315.6410840294693,608.9083601242214
202.44724620425683,488.8865148463741
-137.87408730098542,544.6978689244417
163.86278631413876,565.8538060779597
-314.31865344596076,465.03661647421717
-344.8782006100439,622.4881017215123
-279.7101024400546,649.9028524859268
-151.522483013307,646.8872149664651
-320.801846819226,654.5616406245224
-346.926260621736,644.1019664958291
-52.3888131202044,651.232295219635
313.83442209411254,602.4462817073402
312.49650814578126,660.2679376416696
360.39917323497514,620.6348895266783
342.90772354639927,596.0861399619401
-145.90851948620394,-577.8019964567237
-101.50578101433015,-607.0332432200906
-104.20243520090463,-624.3097698916309
360.8540180994884,-113.64717769556556
-194.28292986356075,-546.2340817130887
-161.11198792567777,534.1768363196323
-196.5705941271327,627.3246114552966
-201.3824687658149,-607.3152501316835
-192.39863501564756,0.7827208386537091
-308.177826543925,-660.8819419121705
27.666189109349837,637.3692300899164
-112.46046293705206,-52.915649361448395
-82.6906062116344,-491.7995107201348
-332.018087263806,646.6058145003456
-173.9725612259281,599.0496849533407
-159.41566485892508,624.8023355020207
-186.4517923585804,-628.5248496634906
-171.8632854757039,375.75311273923165
-146.05098084610202,-511.6176555038492
-310.45483388776177,-645.7791764411488
-243.55394616096575,-644.3596237791492
-201.6088618176889,-582.2592641586944
-192.731041455787,633.8971529406409
-154.84953517554678,-654.4809180762933
-16.06052364140986,603.453224161782
-149.89118385667365,-616.8419240566487
-218.2194779676514,646.4207162979976
-212.75026653938565,652.6237105900416
-441.05113835548116,-618.4030519656175
-317.79252234704296,-47.90871331013885
-298.7889954961585,644.5323896584321
-317.61556166624797,656.9770921315649
-253.04313019394428,-618.711458161384
-347.3439734858774,-639.5012672866214
-323.15874052353223,-578.1511829253071
-145.6443972653297,-617.1669465161043
-46.8524725931458,663.4483505172997
-224.25605399604447,641.902217525056
-232.96964794464398,526.1750193919963
-210.82542448601666,651.8537827156925
-220.05978408387998,399.8784769036572
-190.59171011374684,545.0161716131527
-196.1566416287751,607.518078365358
-221.24582281312632,662.0715421877021
-193.21145622085825,645.6830787826151
-211.45427446258327,-602.6615176948355
-217.9054365079068,-101.22229529068116
-275.3062378632012,
-227.53181344408273,
-194.19438878646815,
-193.266893924482,
-139.82768281755662,
-84.2206146319996,
-226.45854275802319,
-338.2877549397571,
-372.73599322227176,
-331.9729128181459,
-311.36616398873815,
-330.04388770603356,
-331.76731120409653,
-320.1973645653601,
-323.22742598522825,
-276.86443920971124,
-257.8019878412585,
-226.94405573469786,
-244.04635289370722,
-163.83699492970376,
-72.12146160034314,
-272.54469201465656,
-256.4071802396449,
-344.07822645285887,
-2.709293580281845,
623.3558891929771,
-196.7347123104938,
-329.1337552754941,
-243.91826980060765,
-300.5962272925111,
-282.27841981774867,
-278.82886360826967,
-161.44721692909732,
-254.4839846909341,
-317.95864301556145,
-260.8344038136349,
-243.60123779988507,
-245.4852869914999,
-243.1707314757921,
-141.7895207452344,
-252.60712574944296,
-288.65358767448384,
-246.29486532685755,
-272.6195271743899,
-162.7718474637814,
191.22536146547466,
-256.97081707318307,
-217.6177933292514,
-233.06086516290205,
-379.42391640198593,
-194.24809254574126,
-173.74660329322813,
-177.27095615237693,
-161.96294364775366,
-168.4000257513108,
-181.00322800662906,
16.118743538183647,
421.058547571514,
352.6107316898429,
-186.5967321133825,
-207.0096373022956,
-154.6673089426947,
329.7484497608828,
60.982772327518596,
-237.57918820911286,
-305.0352241386143,
-309.92319760327825,
-259.68254028739517,
-328.2722382684192,
-298.4226437027558,
-257.2435701117751,
-312.79693723590964,
-261.18216335374086,
-241.27718334164265,
-277.8594877536896,
221.8205801057132,
-267.0903156629245,
-358.1312153927518,
-342.18030515251354,
-369.14943425230183,
-162.1397069934423,
-209.43929618749715,
377.55864058157357,
-340.40044536107325,
-354.5872705358172,
-363.0146224874006,
-154.6174532598291,
-177.27027364370738,
-349.96020473444344,
57.55040218151541,
-209.90550853763784,
